Index,Category,Rating,Place Name,GPS,Place_ID
21942,['Mexican Restaurant'],3.74562891928396,100% Taquito,"[-95.431007, 29.728722]",104294868854665738925
34560,['Dentist'],8.163615151904692,Catfish Corner,"[32.73518, -96.522403]",106752465131753652077
15339,"['Liquor Store', 'Wine Store', 'Beer Store']",8.050566424370594,Life Imprints by Kim,"[29.989731, -98.561353]",102997847559649802395
36946,"['Restaurant', 'Chicken Restaurant', 'Fast Food Restaurant']",7.368161440355375,Chatham Village Apartments,"[-95.132396, 29.552301]",107214310202903653736
3037,['Caterer'],7.250808065651582,Premiere Cinemas Renaissance,"[-95.411223, 29.946223]",100607198952533186533
65527,"['Physician', 'Professional Services']",7.1481380968268695,Aio Wireless,"[30.236787, -97.724515]",112843343403763799192
