Index,Category,Rating,Place Name,GPS,Place_ID
65952,"['Brewpub', 'Brewery', 'American Restaurant']",3.911980196024146,BJ's Restaurant & Brewhouse,"[-106.307583, 31.724205]",112930659654428168581
7331,['Florist'],8.163615151904692,Catfish Corner,"[32.73518, -96.522403]",101447746841968601359
21079,['371'],8.050566424370594,Life Imprints by Kim,"[29.989731, -98.561353]",104124473372090461771
38225,['Restaurant'],7.368161440355375,Chatham Village Apartments,"[-95.132396, 29.552301]",107478392455445160735
5577,"['Courier Service', 'Mailing Service']",7.250808065651582,Premiere Cinemas Renaissance,"[-95.411223, 29.946223]",101110264449421097258
65480,"['Hospital', 'Emergency Room']",7.1481380968268695,Aio Wireless,"[30.236787, -97.724515]",112834011852141003406
