name,categories,average_rating,GPS,gPlusPlaceId
1st Cavalry Division Headquarters,['Museum'],3.765980995253072,"[-97.783102, 31.141107]",118312877353717783417
Bureau of Engraving and Printing,['Museum'],4.60086281665275,"[32.899674, -97.345657]",114591978207311464191
Bullock Texas State History Museum,['Museum'],4.215694858334986,"[30.279965, -97.738578]",109254680959306854897
African American Museum,['Museum'],4.150393735791013,"[32.779055, -96.764444]",111801096450603900964
B H Rutherford Yates Museum,['Museum'],4.142375467587674,"[-95.380839, 29.75586]",112363986269409983512
