name,categories,average_rating,GPS,gPlusPlaceId
Papa John's Pizza,['Takeout Restaurant'],3.4831685121058755,"[33.1852, -97.1078]",101054047045633971475
BAKERS DRIVE IN,['Takeout Restaurant'],4.1574750386148205,"[-96.613315, 33.188055]",114690236938037696667
Boat 'n Net Drive Inns,['Takeout Restaurant'],3.805617461469727,"[27.73917, -97.387498]",105041278140863050893
Domino's Pizza,['Takeout Restaurant'],3.5246147899979228,"[32.36005, -95.307915]",102572652191917033118
Bubble Me Bubble Tea,['Takeout Restaurant'],3.440708386353601,"[30.251602, -97.75397]",101109233660574198024
Burger King,['Takeout Restaurant'],3.404268129839749,"[32.72238, -97.35672]",111857920365648672335
